<?xml version="1.0" encoding="UTF-8" ?>
<module>
    <name>gmgetfreeshipping</name>
    <displayName><![CDATA[Do darmowej dostawy brakuje]]></displayName>
    <version><![CDATA[1.2.0]]></version>
    <description><![CDATA[Wyświetla komunikat z informacją ile jeszcze trzeba wydać do darmowej dostawy]]></description>
    <author><![CDATA[GreenMouseStudio.com]]></author>
    <tab><![CDATA[front_office_features]]></tab>
    <is_configurable>1</is_configurable>
    <need_instance>0</need_instance>
	<limited_countries></limited_countries>
</module>