<?xml version="1.0" encoding="UTF-8" ?>
<module>
    <name>scroolIt</name>
    <displayName><![CDATA[Scroll it]]></displayName>
    <version><![CDATA[1.0.0]]></version>
    <description><![CDATA[Ajouter un message d&eacute;filant]]></description>
    <author><![CDATA[HERVE BORIS]]></author>
    <tab><![CDATA[front_office_features]]></tab>
	<confirmUninstall><![CDATA[]]></confirmUninstall>
    <is_configurable>1</is_configurable>
    <need_instance>1</need_instance>
	<limited_countries></limited_countries>
</module>